Source page: http://www.elitrapport.se/schema.asp?gamesectionID=10201,
matchnr_link,matchnr_link/_text,matchnr_link/_title,match_link_1,match_link_1/_text,match_link_1/_title,match_link_2,match_link_2/_text,match_link_2/_title,resultat_link,resultat_link/_text,resultat_link/_title,rapport_link,rapport_link/_text,rapport_link/_title,tid_value,tid_value_dates,match_label,publik_number,domare_value
"http://www.elitrapport.se/Data/report7526.html","020000001061","","http://www.elitrapport.se/team.asp?teamID=181","Kalix Bandy","","http://www.elitrapport.se/team.asp?teamID=131","TB Västerås","","http://www.elitrapport.se/Data/report7526.html","4 - 3","","http://www.elitrapport.se/Data/report7526.html","Matchrapport","","2014-10-24 19:00","1414108800000","-","222","Peteri Kuusela"
"http://www.elitrapport.se/Data/report7529.html","020000001060","","http://www.elitrapport.se/team.asp?teamID=137","Sandvikens AIK/BK","","http://www.elitrapport.se/team.asp?teamID=117","Hammarby IF","","http://www.elitrapport.se/Data/report7529.html","9 - 6","","http://www.elitrapport.se/Data/report7529.html","Matchrapport","","2014-10-24 19:00","1414108800000","-","1809","Ulrik Bergman"
"http://www.elitrapport.se/Data/report7530.html","020000001057","","http://www.elitrapport.se/team.asp?teamID=216","Ljusdals BK","","http://www.elitrapport.se/team.asp?teamID=132","Västerås SK/BK","","http://www.elitrapport.se/Data/report7530.html","2 - 5","","http://www.elitrapport.se/Data/report7530.html","Matchrapport","","2014-10-24 19:00","1414108800000","-","656","Mikael Hillerius"
"http://www.elitrapport.se/Data/report7531.html","020000001058","","http://www.elitrapport.se/team.asp?teamID=115","Villa Lidköping BK","","http://www.elitrapport.se/team.asp?teamID=133","Vetlanda BK","","http://www.elitrapport.se/Data/report7531.html","5 - 5","","http://www.elitrapport.se/Data/report7531.html","Matchrapport","","2014-10-24 19:00","1414108800000","-","3188","Daniel Labe"
"http://www.elitrapport.se/Data/report7532.html","020000001059","","http://www.elitrapport.se/team.asp?teamID=171","IFK Vänersborg","","http://www.elitrapport.se/team.asp?teamID=114","Edsbyns IF","","http://www.elitrapport.se/Data/report7532.html","4 - 4","","http://www.elitrapport.se/Data/report7532.html","Matchrapport","","2014-10-24 19:00","1414108800000","-","2469","Peter Öhrlund"
"http://www.elitrapport.se/Data/report7528.html","020000001063","","http://www.elitrapport.se/team.asp?teamID=116","IK Sirius","","http://www.elitrapport.se/team.asp?teamID=153","IFK Kungälv","","http://www.elitrapport.se/Data/report7528.html","3 - 3","","http://www.elitrapport.se/Data/report7528.html","Matchrapport","","2014-10-24 19:07","1414108800000","-","1060","Keijo Hyvärinen"
"http://www.elitrapport.se/Data/report7527.html","020000001062","","http://www.elitrapport.se/team.asp?teamID=145","Bollnäs GIF","","http://www.elitrapport.se/team.asp?teamID=209","Broberg/Söderhamn","","http://www.elitrapport.se/Data/report7527.html","4 - 3","","http://www.elitrapport.se/Data/report7527.html","Matchrapport","","2014-10-24 20:00","1414108800000","-","3124","Roland Fager"
"http://www.elitrapport.se/Data/report7477.html","020000001012","","http://www.elitrapport.se/team.asp?teamID=137","Sandvikens AIK/BK","","http://www.elitrapport.se/team.asp?teamID=114","Edsbyns IF","","http://www.elitrapport.se/Data/report7477.html","7 - 4","","http://www.elitrapport.se/Data/report7477.html","Matchrapport","","2014-10-29 19:00","1414540800000","-","3224","Roland Fager"
"http://www.elitrapport.se/Data/report7478.html","020000001013","","http://www.elitrapport.se/team.asp?teamID=171","IFK Vänersborg","","http://www.elitrapport.se/team.asp?teamID=133","Vetlanda BK","","http://www.elitrapport.se/Data/report7478.html","5 - 5","","http://www.elitrapport.se/Data/report7478.html","Matchrapport","","2014-10-29 19:00","1414540800000","-","1734","Jonas Kandell"
"http://www.elitrapport.se/Data/report7479.html","020000001014","","http://www.elitrapport.se/team.asp?teamID=115","Villa Lidköping BK","","http://www.elitrapport.se/team.asp?teamID=132","Västerås SK/BK","","http://www.elitrapport.se/Data/report7479.html","4 - 4","","http://www.elitrapport.se/Data/report7479.html","Matchrapport","","2014-10-29 19:00","1414540800000","-","3267","Mikael Karlsson (Grästorp)"
"http://www.elitrapport.se/Data/report7482.html","020000001011","","http://www.elitrapport.se/team.asp?teamID=181","Kalix Bandy","","http://www.elitrapport.se/team.asp?teamID=117","Hammarby IF","","http://www.elitrapport.se/Data/report7482.html","4 - 3","","http://www.elitrapport.se/Data/report7482.html","Matchrapport","","2014-10-29 19:00","1414540800000","-","674","Juha-Matti Kanniainen"
"http://www.elitrapport.se/Data/report7480.html","020000001009","","http://www.elitrapport.se/team.asp?teamID=116","IK Sirius","","http://www.elitrapport.se/team.asp?teamID=209","Broberg/Söderhamn","","http://www.elitrapport.se/Data/report7480.html","2 - 4","","http://www.elitrapport.se/Data/report7480.html","Matchrapport","","2014-10-30 19:00","1414627200000","-","1010","Jacob Hallkvist"
"http://www.elitrapport.se/Data/report7519.html","020000001053","","http://www.elitrapport.se/team.asp?teamID=114","Edsbyns IF","","http://www.elitrapport.se/team.asp?teamID=181","Kalix Bandy","","http://www.elitrapport.se/Data/report7519.html","3 - 4","","http://www.elitrapport.se/Data/report7519.html","Matchrapport","","2014-10-31 19:00","1414713600000","-","1120","Christoffer Aidesjö"
"http://www.elitrapport.se/Data/report7520.html","020000001051","","http://www.elitrapport.se/team.asp?teamID=132","Västerås SK/BK","","http://www.elitrapport.se/team.asp?teamID=171","IFK Vänersborg","","http://www.elitrapport.se/Data/report7520.html","5 - 3","","http://www.elitrapport.se/Data/report7520.html","Matchrapport","","2014-10-31 19:00","1414713600000","-","2226","Ulrik Bergman"
"http://www.elitrapport.se/Data/report7481.html","020000001010","","http://www.elitrapport.se/team.asp?teamID=145","Bollnäs GIF","","http://www.elitrapport.se/team.asp?teamID=131","TB Västerås","","http://www.elitrapport.se/Data/report7481.html","6 - 4","","http://www.elitrapport.se/Data/report7481.html","Matchrapport","","2014-10-31 20:00","1414713600000","-","1539","Mikael Hillerius"
"http://www.elitrapport.se/Data/report7483.html","020000001008","","http://www.elitrapport.se/team.asp?teamID=153","IFK Kungälv","","http://www.elitrapport.se/team.asp?teamID=216","Ljusdals BK","","http://www.elitrapport.se/Data/report7483.html","5 - 1","","http://www.elitrapport.se/Data/report7483.html","Matchrapport","","2014-11-01 16:00","1414800000000","-","502","Daniel Labe"
"http://www.elitrapport.se/Data/report7485.html","020000001020","","http://www.elitrapport.se/team.asp?teamID=114","Edsbyns IF","","http://www.elitrapport.se/team.asp?teamID=115","Villa Lidköping BK","","http://www.elitrapport.se/Data/report7485.html","4 - 1","","http://www.elitrapport.se/Data/report7485.html","Matchrapport","","2014-11-05 19:00","1415145600000","-","1117","Jonas Kandell"
"http://www.elitrapport.se/Data/report7486.html","020000001021","","http://www.elitrapport.se/team.asp?teamID=133","Vetlanda BK","","http://www.elitrapport.se/team.asp?teamID=132","Västerås SK/BK","","http://www.elitrapport.se/Data/report7486.html","6 - 6","","http://www.elitrapport.se/Data/report7486.html","Matchrapport","","2014-11-05 19:00","1415145600000","-","1438","Christoffer Aidesjö"
"http://www.elitrapport.se/Data/report7488.html","020000001015","","http://www.elitrapport.se/team.asp?teamID=216","Ljusdals BK","","http://www.elitrapport.se/team.asp?teamID=116","IK Sirius","","http://www.elitrapport.se/Data/report7488.html","3 - 3","","http://www.elitrapport.se/Data/report7488.html","Matchrapport","","2014-11-05 19:00","1415145600000","-","575","Roland Fager"
"http://www.elitrapport.se/Data/report7489.html","020000001018","","http://www.elitrapport.se/team.asp?teamID=131","TB Västerås","","http://www.elitrapport.se/team.asp?teamID=137","Sandvikens AIK/BK","","http://www.elitrapport.se/Data/report7489.html","3 - 14","","http://www.elitrapport.se/Data/report7489.html","Matchrapport","","2014-11-05 19:00","1415145600000","-","436","Ulrik Bergman"
"http://www.elitrapport.se/Data/report7490.html","020000001016","","http://www.elitrapport.se/team.asp?teamID=153","IFK Kungälv","","http://www.elitrapport.se/team.asp?teamID=145","Bollnäs GIF","","http://www.elitrapport.se/Data/report7490.html","2 - 2","","http://www.elitrapport.se/Data/report7490.html","Matchrapport","","2014-11-07 19:00","1415318400000","-","605","Peter Öhrlund"
"http://www.elitrapport.se/Data/report7484.html","020000001017","","http://www.elitrapport.se/team.asp?teamID=209","Broberg/Söderhamn","","http://www.elitrapport.se/team.asp?teamID=181","Kalix Bandy","","http://www.elitrapport.se/Data/report7484.html","6 - 3","","http://www.elitrapport.se/Data/report7484.html","Matchrapport","","2014-11-08 16:00","1415404800000","-","1011","Jacob Hallkvist"
"http://www.elitrapport.se/Data/report7491.html","020000001027","","http://www.elitrapport.se/team.asp?teamID=132","Västerås SK/BK","","http://www.elitrapport.se/team.asp?teamID=117","Hammarby IF","","http://www.elitrapport.se/Data/report7491.html","2 - 2","","http://www.elitrapport.se/Data/report7491.html","Matchrapport","","2014-11-09 19:00","1415491200000","-","2256","Peter Öhrlund"
"http://www.elitrapport.se/Data/report7492.html","020000001025","","http://www.elitrapport.se/team.asp?teamID=171","IFK Vänersborg","","http://www.elitrapport.se/team.asp?teamID=209","Broberg/Söderhamn","","http://www.elitrapport.se/Data/report7492.html","3 - 5","","http://www.elitrapport.se/Data/report7492.html","Matchrapport","","2014-11-12 19:00","1415750400000","-","1654","Daniel Labe"
"http://www.elitrapport.se/Data/report7493.html","020000001026","","http://www.elitrapport.se/team.asp?teamID=115","Villa Lidköping BK","","http://www.elitrapport.se/team.asp?teamID=131","TB Västerås","","http://www.elitrapport.se/Data/report7493.html","15 - 3","","http://www.elitrapport.se/Data/report7493.html","Matchrapport","","2014-11-12 19:00","1415750400000","-","2555","Peter Öhrlund"
"http://www.elitrapport.se/Data/report7494.html","020000001028","","http://www.elitrapport.se/team.asp?teamID=133","Vetlanda BK","","http://www.elitrapport.se/team.asp?teamID=114","Edsbyns IF","","http://www.elitrapport.se/Data/report7494.html","6 - 6","","http://www.elitrapport.se/Data/report7494.html","Matchrapport","","2014-11-12 19:00","1415750400000","-","1302","Mikael Karlsson (Grästorp)"
"http://www.elitrapport.se/Data/report7495.html","020000001022","","http://www.elitrapport.se/team.asp?teamID=145","Bollnäs GIF","","http://www.elitrapport.se/team.asp?teamID=216","Ljusdals BK","","http://www.elitrapport.se/Data/report7495.html","7 - 2","","http://www.elitrapport.se/Data/report7495.html","Matchrapport","","2014-11-12 19:00","1415750400000","-","1512","Ulrik Bergman"
"http://www.elitrapport.se/Data/report7496.html","020000001023","","http://www.elitrapport.se/team.asp?teamID=181","Kalix Bandy","","http://www.elitrapport.se/team.asp?teamID=116","IK Sirius","","http://www.elitrapport.se/Data/report7496.html","1 - 2","","http://www.elitrapport.se/Data/report7496.html","Matchrapport","","2014-11-12 19:00","1415750400000","-","701","Peteri Kuusela"
"http://www.elitrapport.se/Data/report7497.html","020000001024","","http://www.elitrapport.se/team.asp?teamID=137","Sandvikens AIK/BK","","http://www.elitrapport.se/team.asp?teamID=153","IFK Kungälv","","http://www.elitrapport.se/Data/report7497.html","13 - 5","","http://www.elitrapport.se/Data/report7497.html","Matchrapport","","2014-11-12 19:00","1415750400000","-","2099","Jonas Kandell"
"http://www.elitrapport.se/Data/report7498.html","020000001034","","http://www.elitrapport.se/team.asp?teamID=131","TB Västerås","","http://www.elitrapport.se/team.asp?teamID=133","Vetlanda BK","","http://www.elitrapport.se/Data/report7498.html","6 - 8","","http://www.elitrapport.se/Data/report7498.html","Matchrapport","","2014-11-14 19:00","1415923200000","-","287","Jacob Hallkvist"
"http://www.elitrapport.se/Data/report7499.html","020000001035","","http://www.elitrapport.se/team.asp?teamID=117","Hammarby IF","","http://www.elitrapport.se/team.asp?teamID=114","Edsbyns IF","","http://www.elitrapport.se/Data/report7499.html","4 - 8","","http://www.elitrapport.se/Data/report7499.html","Matchrapport","","2014-11-14 19:00","1415923200000","-","3771","Roland Fager"
"http://www.elitrapport.se/Data/report7501.html","020000001033","","http://www.elitrapport.se/team.asp?teamID=209","Broberg/Söderhamn","","http://www.elitrapport.se/team.asp?teamID=132","Västerås SK/BK","","http://www.elitrapport.se/Data/report7501.html","3 - 9","","http://www.elitrapport.se/Data/report7501.html","Matchrapport","","2014-11-14 19:00","1415923200000","-","1203","Ulrik Bergman"
"http://www.elitrapport.se/Data/report7500.html","020000001030","","http://www.elitrapport.se/team.asp?teamID=145","Bollnäs GIF","","http://www.elitrapport.se/team.asp?teamID=137","Sandvikens AIK/BK","","http://www.elitrapport.se/Data/report7500.html","3 - 6","","http://www.elitrapport.se/Data/report7500.html","Matchrapport","","2014-11-14 20:00","1415923200000","-","2238","Keijo Hyvärinen"
"http://www.elitrapport.se/Data/report7503.html","020000001031","","http://www.elitrapport.se/team.asp?teamID=116","IK Sirius","","http://www.elitrapport.se/team.asp?teamID=171","IFK Vänersborg","","http://www.elitrapport.se/Data/report7503.html","2 - 6","","http://www.elitrapport.se/Data/report7503.html","Matchrapport","","2014-11-15 15:00","1416009600000","-","755","Jacob Hallkvist"
"http://www.elitrapport.se/Data/report7504.html","020000001029","","http://www.elitrapport.se/team.asp?teamID=216","Ljusdals BK","","http://www.elitrapport.se/team.asp?teamID=181","Kalix Bandy","","http://www.elitrapport.se/Data/report7504.html","2 - 3","","http://www.elitrapport.se/Data/report7504.html","Matchrapport","","2014-11-15 15:00","1416009600000","-","547","Christoffer Aidesjö"
"http://www.elitrapport.se/Data/report7505.html","020000001040","","http://www.elitrapport.se/team.asp?teamID=133","Vetlanda BK","","http://www.elitrapport.se/team.asp?teamID=153","IFK Kungälv","","http://www.elitrapport.se/Data/report7505.html","6 - 4","","http://www.elitrapport.se/Data/report7505.html","Matchrapport","","2014-11-19 19:00","1416355200000","-","1130","Ulrik Bergman"
"http://www.elitrapport.se/Data/report7506.html","020000001041","","http://www.elitrapport.se/team.asp?teamID=114","Edsbyns IF","","http://www.elitrapport.se/team.asp?teamID=209","Broberg/Söderhamn","","http://www.elitrapport.se/Data/report7506.html","4 - 5","","http://www.elitrapport.se/Data/report7506.html","Matchrapport","","2014-11-19 19:00","1416355200000","-","1538","Mikael Hillerius"
"http://www.elitrapport.se/Data/report7507.html","020000001042","","http://www.elitrapport.se/team.asp?teamID=117","Hammarby IF","","http://www.elitrapport.se/team.asp?teamID=131","TB Västerås","","http://www.elitrapport.se/Data/report7507.html","3 - 2","","http://www.elitrapport.se/Data/report7507.html","Matchrapport","","2014-11-19 19:00","1416355200000","-","1122","Jacob Hallkvist"
"http://www.elitrapport.se/Data/report7508.html","020000001039","","http://www.elitrapport.se/team.asp?teamID=132","Västerås SK/BK","","http://www.elitrapport.se/team.asp?teamID=116","IK Sirius","","http://www.elitrapport.se/Data/report7508.html","11 - 4","","http://www.elitrapport.se/Data/report7508.html","Matchrapport","","2014-11-19 19:00","1416355200000","-","1379","Mikael Karlsson (Grästorp)"
"http://www.elitrapport.se/Data/report7509.html","020000001036","","http://www.elitrapport.se/team.asp?teamID=137","Sandvikens AIK/BK","","http://www.elitrapport.se/team.asp?teamID=216","Ljusdals BK","","http://www.elitrapport.se/Data/report7509.html","7 - 2","","http://www.elitrapport.se/Data/report7509.html","Matchrapport","","2014-11-19 19:00","1416355200000","-","1029","Peter Öhrlund"
"http://www.elitrapport.se/Data/report7510.html","020000001037","","http://www.elitrapport.se/team.asp?teamID=171","IFK Vänersborg","","http://www.elitrapport.se/team.asp?teamID=181","Kalix Bandy","","http://www.elitrapport.se/Data/report7510.html","6 - 2","","http://www.elitrapport.se/Data/report7510.html","Matchrapport","","2014-11-19 19:00","1416355200000","-","1547","Roland Fager"
"http://www.elitrapport.se/Data/report7511.html","020000001038","","http://www.elitrapport.se/team.asp?teamID=115","Villa Lidköping BK","","http://www.elitrapport.se/team.asp?teamID=145","Bollnäs GIF","","http://www.elitrapport.se/Data/report7511.html","6 - 6","","http://www.elitrapport.se/Data/report7511.html","Matchrapport","","2014-11-19 19:00","1416355200000","-","2867","Daniel Labe"
"http://www.elitrapport.se/Data/report7512.html","020000001049","","http://www.elitrapport.se/team.asp?teamID=209","Broberg/Söderhamn","","http://www.elitrapport.se/team.asp?teamID=131","TB Västerås","","http://www.elitrapport.se/Data/report7512.html","2 - 2","","http://www.elitrapport.se/Data/report7512.html","Matchrapport","","2014-11-21 19:00","1416528000000","-","863","Keijo Hyvärinen"
"http://www.elitrapport.se/Data/report7513.html","020000001048","","http://www.elitrapport.se/team.asp?teamID=153","IFK Kungälv","","http://www.elitrapport.se/team.asp?teamID=117","Hammarby IF","","http://www.elitrapport.se/Data/report7513.html","1 - 6","","http://www.elitrapport.se/Data/report7513.html","Matchrapport","","2014-11-21 19:00","1416528000000","-","895","Mikael Karlsson (Grästorp)"
"http://www.elitrapport.se/Data/report7514.html","020000001046","","http://www.elitrapport.se/team.asp?teamID=145","Bollnäs GIF","","http://www.elitrapport.se/team.asp?teamID=133","Vetlanda BK","","http://www.elitrapport.se/Data/report7514.html","6 - 3","","http://www.elitrapport.se/Data/report7514.html","Matchrapport","","2014-11-21 20:00","1416528000000","-","1622","Peter Öhrlund"
"http://www.elitrapport.se/Data/report7515.html","020000001047","","http://www.elitrapport.se/team.asp?teamID=116","IK Sirius","","http://www.elitrapport.se/team.asp?teamID=114","Edsbyns IF","","http://www.elitrapport.se/Data/report7515.html","1 - 3","","http://www.elitrapport.se/Data/report7515.html","Matchrapport","","2014-11-22 15:00","1416614400000","-","710","Keijo Hyvärinen"
"http://www.elitrapport.se/Data/report7516.html","020000001044","","http://www.elitrapport.se/team.asp?teamID=137","Sandvikens AIK/BK","","http://www.elitrapport.se/team.asp?teamID=115","Villa Lidköping BK","","http://www.elitrapport.se/Data/report7516.html","7 - 7","","http://www.elitrapport.se/Data/report7516.html","Matchrapport","","2014-11-22 17:00","1416614400000","-","1919","Christoffer Aidesjö"
"http://www.elitrapport.se/Data/report7517.html","020000001045","","http://www.elitrapport.se/team.asp?teamID=181","Kalix Bandy","","http://www.elitrapport.se/team.asp?teamID=132","Västerås SK/BK","","http://www.elitrapport.se/Data/report7517.html","6 - 8","","http://www.elitrapport.se/Data/report7517.html","Matchrapport","","2014-11-23 15:00","1416700800000","-","470","Juha-Matti Kanniainen"
"http://www.elitrapport.se/Data/report7518.html","020000001043","","http://www.elitrapport.se/team.asp?teamID=216","Ljusdals BK","","http://www.elitrapport.se/team.asp?teamID=171","IFK Vänersborg","","http://www.elitrapport.se/Data/report7518.html","3 - 4","","http://www.elitrapport.se/Data/report7518.html","Matchrapport","","2014-11-23 17:00","1416700800000","-","546","Jonas Kandell"
"http://www.elitrapport.se/Data/report7521.html","020000001055","","http://www.elitrapport.se/team.asp?teamID=131","TB Västerås","","http://www.elitrapport.se/team.asp?teamID=116","IK Sirius","","http://www.elitrapport.se/Data/report7521.html","2 - 4","","http://www.elitrapport.se/Data/report7521.html","Matchrapport","","2014-11-26 19:00","1416960000000","-","382","Roland Fager"
"http://www.elitrapport.se/Data/report7522.html","020000001056","","http://www.elitrapport.se/team.asp?teamID=209","Broberg/Söderhamn","","http://www.elitrapport.se/team.asp?teamID=153","IFK Kungälv","","http://www.elitrapport.se/Data/report7522.html","3 - 2","","http://www.elitrapport.se/Data/report7522.html","Matchrapport","","2014-11-26 19:00","1416960000000","-","714","Christoffer Aidesjö"
"http://www.elitrapport.se/Data/report7523.html","020000001054","","http://www.elitrapport.se/team.asp?teamID=117","Hammarby IF","","http://www.elitrapport.se/team.asp?teamID=145","Bollnäs GIF","","http://www.elitrapport.se/Data/report7523.html","3 - 1","","http://www.elitrapport.se/Data/report7523.html","Matchrapport","","2014-11-26 19:00","1416960000000","-","2213","Jonas Kandell"
"http://www.elitrapport.se/Data/report7524.html","020000001050","","http://www.elitrapport.se/team.asp?teamID=216","Ljusdals BK","","http://www.elitrapport.se/team.asp?teamID=115","Villa Lidköping BK","","http://www.elitrapport.se/Data/report7524.html","3 - 5","","http://www.elitrapport.se/Data/report7524.html","Matchrapport","","2014-11-26 19:00","1416960000000","-","436","Mikael Hillerius"
"http://www.elitrapport.se/Data/report7525.html","020000001052","","http://www.elitrapport.se/team.asp?teamID=133","Vetlanda BK","","http://www.elitrapport.se/team.asp?teamID=137","Sandvikens AIK/BK","","http://www.elitrapport.se/Data/report7525.html","6 - 9","","http://www.elitrapport.se/Data/report7525.html","Matchrapport","","2014-11-26 19:00","1416960000000","-","1387","Daniel Labe"
"http://www.elitrapport.se/Data/report7474.html","020000001003","","http://www.elitrapport.se/team.asp?teamID=117","Hammarby IF","","http://www.elitrapport.se/team.asp?teamID=116","IK Sirius","","http://www.elitrapport.se/Data/report7474.html","6 - 2","","http://www.elitrapport.se/Data/report7474.html","Matchrapport","","2014-11-29 14:00","1417219200000","-","3504","Peter Öhrlund"
"http://www.elitrapport.se/Data/report7471.html","020000001007","","http://www.elitrapport.se/team.asp?teamID=115","Villa Lidköping BK","","http://www.elitrapport.se/team.asp?teamID=171","IFK Vänersborg","","http://www.elitrapport.se/Data/report7471.html","5 - 5","","http://www.elitrapport.se/Data/report7471.html","Matchrapport","","2014-11-29 14:30","1417219200000","-","3184","Roland Fager"
"http://www.elitrapport.se/Data/report7470.html","020000001005","","http://www.elitrapport.se/team.asp?teamID=133","Vetlanda BK","","http://www.elitrapport.se/team.asp?teamID=181","Kalix Bandy","","http://www.elitrapport.se/Data/report7470.html","6 - 4","","http://www.elitrapport.se/Data/report7470.html","Matchrapport","","2014-11-29 16:00","1417219200000","-","974","Ulrik Bergman"
"http://www.elitrapport.se/Data/report7472.html","020000001004","","http://www.elitrapport.se/team.asp?teamID=114","Edsbyns IF","","http://www.elitrapport.se/team.asp?teamID=145","Bollnäs GIF","","http://www.elitrapport.se/Data/report7472.html","3 - 1","","http://www.elitrapport.se/Data/report7472.html","Matchrapport","","2014-11-29 16:00","1417219200000","-","2901","Mikael Karlsson (Grästorp)"
"http://www.elitrapport.se/Data/report7473.html","020000001001","","http://www.elitrapport.se/team.asp?teamID=216","Ljusdals BK","","http://www.elitrapport.se/team.asp?teamID=209","Broberg/Söderhamn","","http://www.elitrapport.se/Data/report7473.html","4 - 4","","http://www.elitrapport.se/Data/report7473.html","Matchrapport","","2014-11-29 16:00","1417219200000","-","737","Mikael Hillerius"
"http://www.elitrapport.se/Data/report7475.html","020000001006","","http://www.elitrapport.se/team.asp?teamID=132","Västerås SK/BK","","http://www.elitrapport.se/team.asp?teamID=137","Sandvikens AIK/BK","","http://www.elitrapport.se/Data/report7475.html","2 - 6","","http://www.elitrapport.se/Data/report7475.html","Matchrapport","","2014-11-30 15:00","1417305600000","-","2910","Jacob Hallkvist"
"http://www.elitrapport.se/Data/report7476.html","020000001002","","http://www.elitrapport.se/team.asp?teamID=131","TB Västerås","","http://www.elitrapport.se/team.asp?teamID=153","IFK Kungälv","","http://www.elitrapport.se/Data/report7476.html","3 - 7","","http://www.elitrapport.se/Data/report7476.html","Matchrapport","","2014-12-01 19:00","1417392000000","-","264","Christoffer Aidesjö"
"http://www.elitrapport.se/Data/report7487.html","020000001019","","http://www.elitrapport.se/team.asp?teamID=117","Hammarby IF","","http://www.elitrapport.se/team.asp?teamID=171","IFK Vänersborg","","http://www.elitrapport.se/Data/report7487.html","6 - 1","","http://www.elitrapport.se/Data/report7487.html","Matchrapport","","2014-12-02 19:00","1417478400000","-","1255","Keijo Hyvärinen"
"http://www.elitrapport.se/Data/report7502.html","020000001032","","http://www.elitrapport.se/team.asp?teamID=153","IFK Kungälv","","http://www.elitrapport.se/team.asp?teamID=115","Villa Lidköping BK","","http://www.elitrapport.se/Data/report7502.html","3 - 2","","http://www.elitrapport.se/Data/report7502.html","Matchrapport","","2014-12-03 19:00","1417564800000","-","1002","Mikael Hillerius"
"http://www.elitrapport.se/Data/report7533.html","020000001067","","http://www.elitrapport.se/team.asp?teamID=131","TB Västerås","","http://www.elitrapport.se/team.asp?teamID=171","IFK Vänersborg","","http://www.elitrapport.se/Data/report7533.html","3 - 4","","http://www.elitrapport.se/Data/report7533.html","Matchrapport","","2014-12-10 19:00","1418169600000","-","204","Daniel Labe"
"http://www.elitrapport.se/Data/report7534.html","020000001068","","http://www.elitrapport.se/team.asp?teamID=209","Broberg/Söderhamn","","http://www.elitrapport.se/team.asp?teamID=137","Sandvikens AIK/BK","","http://www.elitrapport.se/Data/report7534.html","4 - 9","","http://www.elitrapport.se/Data/report7534.html","Matchrapport","","2014-12-10 19:00","1418169600000","-","779","Mikael Hillenius"
"http://www.elitrapport.se/Data/report7535.html","020000001070","","http://www.elitrapport.se/team.asp?teamID=116","IK Sirius","","http://www.elitrapport.se/team.asp?teamID=145","Bollnäs GIF","","http://www.elitrapport.se/Data/report7535.html","4 - 6","","http://www.elitrapport.se/Data/report7535.html","Matchrapport","","2014-12-10 19:00","1418169600000","-","564","Jonas Kandell"
"http://www.elitrapport.se/Data/report7536.html","020000001064","","http://www.elitrapport.se/team.asp?teamID=133","Vetlanda BK","","http://www.elitrapport.se/team.asp?teamID=216","Ljusdals BK","","http://www.elitrapport.se/Data/report7536.html","6 - 4","","http://www.elitrapport.se/Data/report7536.html","Matchrapport","","2014-12-10 19:00","1418169600000","-","891","Peter Öhrlund"
"http://www.elitrapport.se/Data/report7537.html","020000001065","","http://www.elitrapport.se/team.asp?teamID=114","Edsbyns IF","","http://www.elitrapport.se/team.asp?teamID=132","Västerås SK/BK","","http://www.elitrapport.se/Data/report7537.html","8 - 3","","http://www.elitrapport.se/Data/report7537.html","Matchrapport","","2014-12-10 19:00","1418169600000","-","1135","Christoffer Aidesjö"
"http://www.elitrapport.se/Data/report7538.html","020000001066","","http://www.elitrapport.se/team.asp?teamID=117","Hammarby IF","","http://www.elitrapport.se/team.asp?teamID=115","Villa Lidköping BK","","http://www.elitrapport.se/Data/report7538.html","6 - 2","","http://www.elitrapport.se/Data/report7538.html","Matchrapport","","2014-12-10 19:00","1418169600000","-","3547","Keijo Hyvärinen"
"http://www.elitrapport.se/Data/report7540.html","020000001074","","http://www.elitrapport.se/team.asp?teamID=115","Villa Lidköping BK","","http://www.elitrapport.se/team.asp?teamID=209","Broberg/Söderhamn","","http://www.elitrapport.se/Data/report7540.html","9 - 5","","http://www.elitrapport.se/Data/report7540.html","Matchrapport","","2014-12-12 19:00","1418342400000","-","2558","Daniel Labe"
"http://www.elitrapport.se/Data/report7541.html","020000001075","","http://www.elitrapport.se/team.asp?teamID=171","IFK Vänersborg","","http://www.elitrapport.se/team.asp?teamID=153","IFK Kungälv","","http://www.elitrapport.se/Data/report7541.html","9 - 5","","http://www.elitrapport.se/Data/report7541.html","Matchrapport","","2014-12-12 19:00","1418342400000","-","1784","Peter Öhrlund"
"http://www.elitrapport.se/Data/report7542.html","020000001076","","http://www.elitrapport.se/team.asp?teamID=137","Sandvikens AIK/BK","","http://www.elitrapport.se/team.asp?teamID=116","IK Sirius","","http://www.elitrapport.se/Data/report7542.html","4 - 2","","http://www.elitrapport.se/Data/report7542.html","Matchrapport","","2014-12-12 19:00","1418342400000","-","1103",""
"http://www.elitrapport.se/Data/report7543.html","020000001071","","http://www.elitrapport.se/team.asp?teamID=216","Ljusdals BK","","http://www.elitrapport.se/team.asp?teamID=114","Edsbyns IF","","http://www.elitrapport.se/Data/report7543.html","1 - 4","","http://www.elitrapport.se/Data/report7543.html","Matchrapport","","2014-12-12 19:00","1418342400000","-","608","Ulrik Bergman"
"http://www.elitrapport.se/Data/report7544.html","020000001072","","http://www.elitrapport.se/team.asp?teamID=133","Vetlanda BK","","http://www.elitrapport.se/team.asp?teamID=117","Hammarby IF","","http://www.elitrapport.se/Data/report7544.html","4 - 4","","http://www.elitrapport.se/Data/report7544.html","Matchrapport","","2014-12-12 19:00","1418342400000","-","1457","Christoffer Aidesjö"
"http://www.elitrapport.se/Data/report7545.html","020000001073","","http://www.elitrapport.se/team.asp?teamID=132","Västerås SK/BK","","http://www.elitrapport.se/team.asp?teamID=131","TB Västerås","","http://www.elitrapport.se/Data/report7545.html","9 - 4","","http://www.elitrapport.se/Data/report7545.html","Matchrapport","","2014-12-12 19:00","1418342400000","-","1412","Jonas Kandell"
"http://www.elitrapport.se/Data/report7547.html","020000001082","","http://www.elitrapport.se/team.asp?teamID=116","IK Sirius","","http://www.elitrapport.se/team.asp?teamID=115","Villa Lidköping BK","","http://www.elitrapport.se/Data/report7547.html","4 - 4","","http://www.elitrapport.se/Data/report7547.html","Matchrapport","","2014-12-17 19:00","1418774400000","-","710","Peter Öhrlund"
"http://www.elitrapport.se/Data/report7548.html","020000001083","","http://www.elitrapport.se/team.asp?teamID=145","Bollnäs GIF","","http://www.elitrapport.se/team.asp?teamID=171","IFK Vänersborg","","http://www.elitrapport.se/Data/report7548.html","5 - 0","","http://www.elitrapport.se/Data/report7548.html","Matchrapport","","2014-12-17 19:00","1418774400000","-","1231","Mikael Hillerius"
"http://www.elitrapport.se/Data/report7549.html","020000001084","","http://www.elitrapport.se/team.asp?teamID=181","Kalix Bandy","","http://www.elitrapport.se/team.asp?teamID=137","Sandvikens AIK/BK","","http://www.elitrapport.se/Data/report7549.html","2 - 10","","http://www.elitrapport.se/Data/report7549.html","Matchrapport","","2014-12-17 19:00","1418774400000","-","620","Petri Kuusela"
"http://www.elitrapport.se/Data/report7550.html","020000001081","","http://www.elitrapport.se/team.asp?teamID=153","IFK Kungälv","","http://www.elitrapport.se/team.asp?teamID=132","Västerås SK/BK","","http://www.elitrapport.se/Data/report7550.html","6 - 3","","http://www.elitrapport.se/Data/report7550.html","Matchrapport","","2014-12-17 19:00","1418774400000","-","672",""
"http://www.elitrapport.se/Data/report7551.html","020000001078","","http://www.elitrapport.se/team.asp?teamID=117","Hammarby IF","","http://www.elitrapport.se/team.asp?teamID=216","Ljusdals BK","","http://www.elitrapport.se/Data/report7551.html","7 - 2","","http://www.elitrapport.se/Data/report7551.html","Matchrapport","","2014-12-17 19:00","1418774400000","-","1717","Jonas Kandell"
"http://www.elitrapport.se/Data/report7552.html","020000001079","","http://www.elitrapport.se/team.asp?teamID=131","TB Västerås","","http://www.elitrapport.se/team.asp?teamID=114","Edsbyns IF","","http://www.elitrapport.se/Data/report7552.html","3 - 9","","http://www.elitrapport.se/Data/report7552.html","Matchrapport","","2014-12-17 19:00","1418774400000","-","238","Jacob Hallkvist"
"http://www.elitrapport.se/Data/report7553.html","020000001080","","http://www.elitrapport.se/team.asp?teamID=209","Broberg/Söderhamn","","http://www.elitrapport.se/team.asp?teamID=133","Vetlanda BK","","http://www.elitrapport.se/Data/report7553.html","3 - 3","","http://www.elitrapport.se/Data/report7553.html","Matchrapport","","2014-12-17 19:00","1418774400000","-","702","Ulrik Bergman"
"http://www.elitrapport.se/Data/report7554.html","020000001089","","http://www.elitrapport.se/team.asp?teamID=132","Västerås SK/BK","","http://www.elitrapport.se/team.asp?teamID=145","Bollnäs GIF","","http://www.elitrapport.se/Data/report7554.html","12 - 2","","http://www.elitrapport.se/Data/report7554.html","Matchrapport","","2014-12-19 19:00","1418947200000","-","1071","Keijo Hyvärinen"
"http://www.elitrapport.se/Data/report7555.html","020000001090","","http://www.elitrapport.se/team.asp?teamID=115","Villa Lidköping BK","","http://www.elitrapport.se/team.asp?teamID=181","Kalix Bandy","","http://www.elitrapport.se/Data/report7555.html","7 - 2","","http://www.elitrapport.se/Data/report7555.html","Matchrapport","","2014-12-19 19:00","1418947200000","-","2521","Jonas Kandell"
"http://www.elitrapport.se/Data/report7556.html","020000001091","","http://www.elitrapport.se/team.asp?teamID=171","IFK Vänersborg","","http://www.elitrapport.se/team.asp?teamID=137","Sandvikens AIK/BK","","http://www.elitrapport.se/Data/report7556.html","5 - 3","","http://www.elitrapport.se/Data/report7556.html","Matchrapport","","2014-12-19 19:00","1418947200000","-","1639","Christoffer Aidesjö"
"http://www.elitrapport.se/Data/report7557.html","020000001085","","http://www.elitrapport.se/team.asp?teamID=216","Ljusdals BK","","http://www.elitrapport.se/team.asp?teamID=131","TB Västerås","","http://www.elitrapport.se/Data/report7557.html","4 - 3","","http://www.elitrapport.se/Data/report7557.html","Matchrapport","","2014-12-19 19:00","1418947200000","-","582","Roland Fager"
"http://www.elitrapport.se/Data/report7558.html","020000001086","","http://www.elitrapport.se/team.asp?teamID=117","Hammarby IF","","http://www.elitrapport.se/team.asp?teamID=209","Broberg/Söderhamn","","http://www.elitrapport.se/Data/report7558.html","3 - 3","","http://www.elitrapport.se/Data/report7558.html","Matchrapport","","2014-12-19 19:00","1418947200000","-","2008","Jacob Hallkvist"
"http://www.elitrapport.se/Data/report7559.html","020000001087","","http://www.elitrapport.se/team.asp?teamID=114","Edsbyns IF","","http://www.elitrapport.se/team.asp?teamID=153","IFK Kungälv","","http://www.elitrapport.se/Data/report7559.html","6 - 2","","http://www.elitrapport.se/Data/report7559.html","Matchrapport","","2014-12-19 19:00","1418947200000","-","1101","Peter Öhrlund"
"http://www.elitrapport.se/Data/report7560.html","020000001088","","http://www.elitrapport.se/team.asp?teamID=133","Vetlanda BK","","http://www.elitrapport.se/team.asp?teamID=116","IK Sirius","","http://www.elitrapport.se/Data/report7560.html","2 - 7","","http://www.elitrapport.se/Data/report7560.html","Matchrapport","","2014-12-20 16:00","1419033600000","-","1041",""
"http://www.elitrapport.se/Data/report7539.html","020000001069","","http://www.elitrapport.se/team.asp?teamID=153","IFK Kungälv","","http://www.elitrapport.se/team.asp?teamID=181","Kalix Bandy","","http://www.elitrapport.se/Data/report7539.html","1 - 5","","http://www.elitrapport.se/Data/report7539.html","Matchrapport","","2014-12-21 13:15","1419120000000","-","667","Mikael Hillerius"
"http://www.elitrapport.se/Data/report7568.html","020000001101","","http://www.elitrapport.se/team.asp?teamID=131","TB Västerås","","http://www.elitrapport.se/team.asp?teamID=145","Bollnäs GIF","","http://www.elitrapport.se/Data/report7568.html","2 - 4","","http://www.elitrapport.se/Data/report7568.html","Matchrapport","","2014-12-21 17:00","1419120000000","-","195","Keijo Hyvärinen"
"http://www.elitrapport.se/Data/report7561.html","020000001096","","http://www.elitrapport.se/team.asp?teamID=181","Kalix Bandy","","http://www.elitrapport.se/team.asp?teamID=133","Vetlanda BK","","http://www.elitrapport.se/Data/report7561.html","4 - 1","","http://www.elitrapport.se/Data/report7561.html","Matchrapport","","2014-12-26 14:00","1419552000000","-","909","Juha-Matti Kanniainen"
"http://www.elitrapport.se/Data/report7563.html","020000001097","","http://www.elitrapport.se/team.asp?teamID=137","Sandvikens AIK/BK","","http://www.elitrapport.se/team.asp?teamID=132","Västerås SK/BK","","http://www.elitrapport.se/Data/report7563.html","6 - 10","","http://www.elitrapport.se/Data/report7563.html","Matchrapport","","2014-12-26 14:00","1419552000000","-","3732","Peter Öhrlund"
"http://www.elitrapport.se/Data/report7564.html","020000001093","","http://www.elitrapport.se/team.asp?teamID=153","IFK Kungälv","","http://www.elitrapport.se/team.asp?teamID=131","TB Västerås","","http://www.elitrapport.se/Data/report7564.html","10 - 4","","http://www.elitrapport.se/Data/report7564.html","Matchrapport","","2014-12-26 15:00","1419552000000","-","1608","Christoffer Aidesjö"
"http://www.elitrapport.se/Data/report7567.html","020000001092","","http://www.elitrapport.se/team.asp?teamID=209","Broberg/Söderhamn","","http://www.elitrapport.se/team.asp?teamID=216","Ljusdals BK","","http://www.elitrapport.se/Data/report7567.html","6 - 4","","http://www.elitrapport.se/Data/report7567.html","Matchrapport","","2014-12-26 15:00","1419552000000","-","2273","Ulrik Bergman"
"http://www.elitrapport.se/Data/report7562.html","020000001094","","http://www.elitrapport.se/team.asp?teamID=116","IK Sirius","","http://www.elitrapport.se/team.asp?teamID=117","Hammarby IF","","http://www.elitrapport.se/Data/report7562.html","2 - 10","","http://www.elitrapport.se/Data/report7562.html","Matchrapport","","2014-12-26 15:13","1419552000000","-","3548","Jonas Kandell"
"http://www.elitrapport.se/Data/report7565.html","020000001098","","http://www.elitrapport.se/team.asp?teamID=171","IFK Vänersborg","","http://www.elitrapport.se/team.asp?teamID=115","Villa Lidköping BK","","http://www.elitrapport.se/Data/report7565.html","3 - 6","","http://www.elitrapport.se/Data/report7565.html","Matchrapport","","2014-12-26 17:00","1419552000000","-","5017","Jacob Hallkvist"
"http://www.elitrapport.se/Data/report7566.html","020000001095","","http://www.elitrapport.se/team.asp?teamID=145","Bollnäs GIF","","http://www.elitrapport.se/team.asp?teamID=114","Edsbyns IF","","http://www.elitrapport.se/Data/report7566.html","2 - 2","","http://www.elitrapport.se/Data/report7566.html","Matchrapport","","2014-12-26 17:00","1419552000000","-","4109","Roland Fager"
"http://www.elitrapport.se/Data/report7546.html","020000001077","","http://www.elitrapport.se/team.asp?teamID=181","Kalix Bandy","","http://www.elitrapport.se/team.asp?teamID=145","Bollnäs GIF","","http://www.elitrapport.se/Data/report7546.html","2 - 5","","http://www.elitrapport.se/Data/report7546.html","Matchrapport","","2014-12-28 13:15","1419724800000","-","610","Petteri Kuusela"
"http://www.elitrapport.se/Data/report7569.html","020000001099","","http://www.elitrapport.se/team.asp?teamID=216","Ljusdals BK","","http://www.elitrapport.se/team.asp?teamID=153","IFK Kungälv","","http://www.elitrapport.se/Data/report7569.html","4 - 2","","http://www.elitrapport.se/Data/report7569.html","Matchrapport","","2014-12-28 15:00","1419724800000","-","374","Micke Hillerius"
"http://www.elitrapport.se/Data/report7570.html","020000001103","","http://www.elitrapport.se/team.asp?teamID=114","Edsbyns IF","","http://www.elitrapport.se/team.asp?teamID=137","Sandvikens AIK/BK","","http://www.elitrapport.se/Data/report7570.html","2 - 4","","http://www.elitrapport.se/Data/report7570.html","Matchrapport","","2014-12-29 19:00","1419811200000","-","1741","Ulrik Bergman"
"http://www.elitrapport.se/Data/report7571.html","020000001104","","http://www.elitrapport.se/team.asp?teamID=133","Vetlanda BK","","http://www.elitrapport.se/team.asp?teamID=171","IFK Vänersborg","","http://www.elitrapport.se/Data/report7571.html","1 - 5","","http://www.elitrapport.se/Data/report7571.html","Matchrapport","","2014-12-30 19:00","1419897600000","-","1076","Daniel Labe"
"http://www.elitrapport.se/Data/report7572.html","020000001105","","http://www.elitrapport.se/team.asp?teamID=132","Västerås SK/BK","","http://www.elitrapport.se/team.asp?teamID=115","Villa Lidköping BK","","http://www.elitrapport.se/Data/report7572.html","6 - 4","","http://www.elitrapport.se/Data/report7572.html","Matchrapport","","2014-12-30 19:00","1419897600000","-","1895","Christoffer Aidesjö"
"http://www.elitrapport.se/Data/report7573.html","020000001100","","http://www.elitrapport.se/team.asp?teamID=209","Broberg/Söderhamn","","http://www.elitrapport.se/team.asp?teamID=116","IK Sirius","","http://www.elitrapport.se/Data/report7573.html","6 - 2","","http://www.elitrapport.se/Data/report7573.html","Matchrapport","","2014-12-30 19:00","1419897600000","-","903","Jonas Kandell"
"http://www.elitrapport.se/Data/report7574.html","020000001102","","http://www.elitrapport.se/team.asp?teamID=117","Hammarby IF","","http://www.elitrapport.se/team.asp?teamID=181","Kalix Bandy","","http://www.elitrapport.se/Data/report7574.html","8 - 5","","http://www.elitrapport.se/Data/report7574.html","Matchrapport","","2014-12-30 19:00","1419897600000","-","2289","Roland Fager"
"http://www.elitrapport.se/Data/report7575.html","020000001109","","http://www.elitrapport.se/team.asp?teamID=137","Sandvikens AIK/BK","","http://www.elitrapport.se/team.asp?teamID=131","TB Västerås","","http://www.elitrapport.se/Data/report7575.html","8 - 3","","http://www.elitrapport.se/Data/report7575.html","Matchrapport","","2015-01-02 19:00","1420156800000","-","1008","Roland Fager"
"http://www.elitrapport.se/Data/report7576.html","020000001110","","http://www.elitrapport.se/team.asp?teamID=171","IFK Vänersborg","","http://www.elitrapport.se/team.asp?teamID=117","Hammarby IF","","http://www.elitrapport.se/Data/report7576.html","4 - 3","","http://www.elitrapport.se/Data/report7576.html","Matchrapport","","2015-01-02 19:00","1420156800000","-","2012","Daniel Labe"
"http://www.elitrapport.se/Data/report7578.html","020000001108","","http://www.elitrapport.se/team.asp?teamID=181","Kalix Bandy","","http://www.elitrapport.se/team.asp?teamID=209","Broberg/Söderhamn","","http://www.elitrapport.se/Data/report7578.html","0 - 2","","http://www.elitrapport.se/Data/report7578.html","Matchrapport","","2015-01-02 19:00","1420156800000","-","409","Petteri Kuusela"
"http://www.elitrapport.se/Data/report7577.html","020000001107","","http://www.elitrapport.se/team.asp?teamID=145","Bollnäs GIF","","http://www.elitrapport.se/team.asp?teamID=153","IFK Kungälv","","http://www.elitrapport.se/Data/report7577.html","4 - 2","","http://www.elitrapport.se/Data/report7577.html","Matchrapport","","2015-01-02 20:00","1420156800000","-","1415",""
"http://www.elitrapport.se/Data/report7579.html","020000001106","","http://www.elitrapport.se/team.asp?teamID=116","IK Sirius","","http://www.elitrapport.se/team.asp?teamID=216","Ljusdals BK","","http://www.elitrapport.se/Data/report7579.html","8 - 2","","http://www.elitrapport.se/Data/report7579.html","Matchrapport","","2015-01-03 16:00","1420243200000","-","758","Roland Fager"
"http://www.elitrapport.se/Data/report7580.html","020000001111","","http://www.elitrapport.se/team.asp?teamID=115","Villa Lidköping BK","","http://www.elitrapport.se/team.asp?teamID=114","Edsbyns IF","","http://www.elitrapport.se/Data/report7580.html","5 - 5","","http://www.elitrapport.se/Data/report7580.html","Matchrapport","","2015-01-03 17:00","1420243200000","-","4002","Keijo Hyvärinen"
"http://www.elitrapport.se/Data/report7581.html","020000001112","","http://www.elitrapport.se/team.asp?teamID=132","Västerås SK/BK","","http://www.elitrapport.se/team.asp?teamID=133","Vetlanda BK","","http://www.elitrapport.se/Data/report7581.html","7 - 3","","http://www.elitrapport.se/Data/report7581.html","Matchrapport","","2015-01-04 15:00","1420329600000","-","1215","Keijo Hyvärinen"
"http://www.elitrapport.se/Data/report7584.html","020000001119","","http://www.elitrapport.se/team.asp?teamID=114","Edsbyns IF","","http://www.elitrapport.se/team.asp?teamID=133","Vetlanda BK","","http://www.elitrapport.se/Data/report7584.html","5 - 1","","http://www.elitrapport.se/Data/report7584.html","Matchrapport","","2015-01-06 15:00","1420502400000","-","1233","Mikael Hillerius"
"http://www.elitrapport.se/Data/report7585.html","020000001117","","http://www.elitrapport.se/team.asp?teamID=131","TB Västerås","","http://www.elitrapport.se/team.asp?teamID=115","Villa Lidköping BK","","http://www.elitrapport.se/Data/report7585.html","4 - 7","","http://www.elitrapport.se/Data/report7585.html","Matchrapport","","2015-01-06 15:00","1420502400000","-","304","Christoffer Aidesjö"
"http://www.elitrapport.se/Data/report7586.html","020000001114","","http://www.elitrapport.se/team.asp?teamID=116","IK Sirius","","http://www.elitrapport.se/team.asp?teamID=181","Kalix Bandy","","http://www.elitrapport.se/Data/report7586.html","7 - 2","","http://www.elitrapport.se/Data/report7586.html","Matchrapport","","2015-01-06 15:00","1420502400000","-","795",""
"http://www.elitrapport.se/Data/report7587.html","020000001116","","http://www.elitrapport.se/team.asp?teamID=209","Broberg/Söderhamn","","http://www.elitrapport.se/team.asp?teamID=171","IFK Vänersborg","","http://www.elitrapport.se/Data/report7587.html","2 - 3","","http://www.elitrapport.se/Data/report7587.html","Matchrapport","","2015-01-06 15:00","1420502400000","-","1002","Keijo Hyvärinen"
"http://www.elitrapport.se/Data/report7583.html","020000001118","","http://www.elitrapport.se/team.asp?teamID=117","Hammarby IF","","http://www.elitrapport.se/team.asp?teamID=132","Västerås SK/BK","","http://www.elitrapport.se/Data/report7583.html","5 - 6","","http://www.elitrapport.se/Data/report7583.html","Matchrapport","","2015-01-06 16:00","1420502400000","-","3660","Ulrik Bergman"
"http://www.elitrapport.se/Data/report7588.html","020000001115","","http://www.elitrapport.se/team.asp?teamID=153","IFK Kungälv","","http://www.elitrapport.se/team.asp?teamID=137","Sandvikens AIK/BK","","http://www.elitrapport.se/Data/report7588.html","3 - 3","","http://www.elitrapport.se/Data/report7588.html","Matchrapport","","2015-01-06 16:00","1420502400000","-","810","Daniel Labe"
"http://www.elitrapport.se/Data/report7582.html","020000001113","","http://www.elitrapport.se/team.asp?teamID=216","Ljusdals BK","","http://www.elitrapport.se/team.asp?teamID=145","Bollnäs GIF","","http://www.elitrapport.se/Data/report7582.html","1 - 4","","http://www.elitrapport.se/Data/report7582.html","Matchrapport","","2015-01-06 17:00","1420502400000","-","822","Roland Fager"
"http://www.elitrapport.se/Data/report7589.html","020000001126","","http://www.elitrapport.se/team.asp?teamID=114","Edsbyns IF","","http://www.elitrapport.se/team.asp?teamID=117","Hammarby IF","","http://www.elitrapport.se/Data/report7589.html","10 - 3","","http://www.elitrapport.se/Data/report7589.html","Matchrapport","","2015-01-09 19:00","1420761600000","-","1603","Keijo Hyvärinen"
"http://www.elitrapport.se/Data/report7590.html","020000001123","","http://www.elitrapport.se/team.asp?teamID=115","Villa Lidköping BK","","http://www.elitrapport.se/team.asp?teamID=153","IFK Kungälv","","http://www.elitrapport.se/Data/report7590.html","10 - 2","","http://www.elitrapport.se/Data/report7590.html","Matchrapport","","2015-01-09 19:00","1420761600000","-","3247","Ulrik Bergman"
"http://www.elitrapport.se/Data/report7591.html","020000001122","","http://www.elitrapport.se/team.asp?teamID=171","IFK Vänersborg","","http://www.elitrapport.se/team.asp?teamID=116","IK Sirius","","http://www.elitrapport.se/Data/report7591.html","11 - 2","","http://www.elitrapport.se/Data/report7591.html","Matchrapport","","2015-01-09 19:00","1420761600000","-","1949","Christoffer Aidesjö"
"http://www.elitrapport.se/Data/report7593.html","020000001120","","http://www.elitrapport.se/team.asp?teamID=181","Kalix Bandy","","http://www.elitrapport.se/team.asp?teamID=216","Ljusdals BK","","http://www.elitrapport.se/Data/report7593.html","3 - 1","","http://www.elitrapport.se/Data/report7593.html","Matchrapport","","2015-01-10 14:00","1420848000000","-","310","Juha-Matti Kanniainen"
"http://www.elitrapport.se/Data/report7592.html","020000001121","","http://www.elitrapport.se/team.asp?teamID=137","Sandvikens AIK/BK","","http://www.elitrapport.se/team.asp?teamID=145","Bollnäs GIF","","http://www.elitrapport.se/Data/report7592.html","4 - 5","","http://www.elitrapport.se/Data/report7592.html","Matchrapport","","2015-01-10 15:00","1420848000000","-","3256","Peter Öhrlund"
"http://www.elitrapport.se/Data/report7594.html","020000001125","","http://www.elitrapport.se/team.asp?teamID=133","Vetlanda BK","","http://www.elitrapport.se/team.asp?teamID=131","TB Västerås","","http://www.elitrapport.se/Data/report7594.html","5 - 0","","http://www.elitrapport.se/Data/report7594.html","Matchrapport","","2015-01-10 16:00","1420848000000","-","816","Roland Fager"
"http://www.elitrapport.se/Data/report7595.html","020000001124","","http://www.elitrapport.se/team.asp?teamID=132","Västerås SK/BK","","http://www.elitrapport.se/team.asp?teamID=209","Broberg/Söderhamn","","http://www.elitrapport.se/Data/report7595.html","3 - 6","","http://www.elitrapport.se/Data/report7595.html","Matchrapport","","2015-01-11 15:00","1420934400000","-","1421","Keijo Hyvärinen"
"http://www.elitrapport.se/Data/report7596.html","020000001131","","http://www.elitrapport.se/team.asp?teamID=153","IFK Kungälv","","http://www.elitrapport.se/team.asp?teamID=133","Vetlanda BK","","http://www.elitrapport.se/Data/report7596.html","5 - 4","","http://www.elitrapport.se/Data/report7596.html","Matchrapport","","2015-01-14 19:00","1421193600000","-","524","Jonas Kandell"
"http://www.elitrapport.se/Data/report7597.html","020000001132","","http://www.elitrapport.se/team.asp?teamID=209","Broberg/Söderhamn","","http://www.elitrapport.se/team.asp?teamID=114","Edsbyns IF","","http://www.elitrapport.se/Data/report7597.html","2 - 4","","http://www.elitrapport.se/Data/report7597.html","Matchrapport","","2015-01-14 19:00","1421193600000","-","1345","Ulrik Bergman"
"http://www.elitrapport.se/Data/report7598.html","020000001133","","http://www.elitrapport.se/team.asp?teamID=131","TB Västerås","","http://www.elitrapport.se/team.asp?teamID=117","Hammarby IF","","http://www.elitrapport.se/Data/report7598.html","4 - 7","","http://www.elitrapport.se/Data/report7598.html","Matchrapport","","2015-01-14 19:00","1421193600000","-","334","Daniel Labe"
"http://www.elitrapport.se/Data/report7599.html","020000001130","","http://www.elitrapport.se/team.asp?teamID=116","IK Sirius","","http://www.elitrapport.se/team.asp?teamID=132","Västerås SK/BK","","http://www.elitrapport.se/Data/report7599.html","3 - 8","","http://www.elitrapport.se/Data/report7599.html","Matchrapport","","2015-01-14 19:00","1421193600000","-","822","Roland Fager"
"http://www.elitrapport.se/Data/report7600.html","020000001127","","http://www.elitrapport.se/team.asp?teamID=216","Ljusdals BK","","http://www.elitrapport.se/team.asp?teamID=137","Sandvikens AIK/BK","","http://www.elitrapport.se/Data/report7600.html","3 - 10","","http://www.elitrapport.se/Data/report7600.html","Matchrapport","","2015-01-14 19:00","1421193600000","-","474","Christoffer Aidesjö"
"http://www.elitrapport.se/Data/report7601.html","020000001128","","http://www.elitrapport.se/team.asp?teamID=181","Kalix Bandy","","http://www.elitrapport.se/team.asp?teamID=171","IFK Vänersborg","","http://www.elitrapport.se/Data/report7601.html","6 - 6","","http://www.elitrapport.se/Data/report7601.html","Matchrapport","","2015-01-14 19:00","1421193600000","-","362","Juha-Matti Kanniainen"
"http://www.elitrapport.se/Data/report7602.html","020000001129","","http://www.elitrapport.se/team.asp?teamID=145","Bollnäs GIF","","http://www.elitrapport.se/team.asp?teamID=115","Villa Lidköping BK","","http://www.elitrapport.se/Data/report7602.html","5 - 2","","http://www.elitrapport.se/Data/report7602.html","Matchrapport","","2015-01-14 19:00","1421193600000","-","1427","Peter Öhrlund"
"http://www.elitrapport.se/Data/report7603.html","020000001139","","http://www.elitrapport.se/team.asp?teamID=117","Hammarby IF","","http://www.elitrapport.se/team.asp?teamID=153","IFK Kungälv","","http://www.elitrapport.se/Data/report7603.html","6 - 2","","http://www.elitrapport.se/Data/report7603.html","Matchrapport","","2015-01-16 19:00","1421366400000","-","1561","SergeyGorbachev"
"http://www.elitrapport.se/Data/report7604.html","020000001140","","http://www.elitrapport.se/team.asp?teamID=131","TB Västerås","","http://www.elitrapport.se/team.asp?teamID=209","Broberg/Söderhamn","","http://www.elitrapport.se/Data/report7604.html","3 - 11","","http://www.elitrapport.se/Data/report7604.html","Matchrapport","","2015-01-16 19:00","1421366400000","-","242","Jacob Hallkvist"
"http://www.elitrapport.se/Data/report7605.html","020000001137","","http://www.elitrapport.se/team.asp?teamID=133","Vetlanda BK","","http://www.elitrapport.se/team.asp?teamID=145","Bollnäs GIF","","http://www.elitrapport.se/Data/report7605.html","7 - 3","","http://www.elitrapport.se/Data/report7605.html","Matchrapport","","2015-01-16 19:00","1421366400000","-","1642","Roland Fager"
"http://www.elitrapport.se/Data/report7606.html","020000001138","","http://www.elitrapport.se/team.asp?teamID=114","Edsbyns IF","","http://www.elitrapport.se/team.asp?teamID=116","IK Sirius","","http://www.elitrapport.se/Data/report7606.html","7 - 4","","http://www.elitrapport.se/Data/report7606.html","Matchrapport","","2015-01-16 19:00","1421366400000","-","1306","Peter Öhrlund"
"http://www.elitrapport.se/Data/report7607.html","020000001136","","http://www.elitrapport.se/team.asp?teamID=132","Västerås SK/BK","","http://www.elitrapport.se/team.asp?teamID=181","Kalix Bandy","","http://www.elitrapport.se/Data/report7607.html","9 - 2","","http://www.elitrapport.se/Data/report7607.html","Matchrapport","","2015-01-17 15:00","1421452800000","-","973","Sergey Gorbachev"
"http://www.elitrapport.se/Data/report7608.html","020000001135","","http://www.elitrapport.se/team.asp?teamID=115","Villa Lidköping BK","","http://www.elitrapport.se/team.asp?teamID=137","Sandvikens AIK/BK","","http://www.elitrapport.se/Data/report7608.html","5 - 7","","http://www.elitrapport.se/Data/report7608.html","Matchrapport","","2015-01-17 17:00","1421452800000","-","3672","Jonas Kandell"
"http://www.elitrapport.se/Data/report7609.html","020000001134","","http://www.elitrapport.se/team.asp?teamID=171","IFK Vänersborg","","http://www.elitrapport.se/team.asp?teamID=216","Ljusdals BK","","http://www.elitrapport.se/Data/report7609.html","7 - 3","","http://www.elitrapport.se/Data/report7609.html","Matchrapport","","2015-01-17 17:00","1421452800000","-","1671","Christoffer Aidesjö"
"http://www.elitrapport.se/Data/report7610.html","020000001147","","http://www.elitrapport.se/team.asp?teamID=153","IFK Kungälv","","http://www.elitrapport.se/team.asp?teamID=209","Broberg/Söderhamn","","http://www.elitrapport.se/Data/report7610.html","0 - 9","","http://www.elitrapport.se/Data/report7610.html","Matchrapport","","2015-01-18 13:15","1421539200000","-","700","Daniel Labe"
"http://www.elitrapport.se/Data/report7617.html","020000001152","","http://www.elitrapport.se/team.asp?teamID=131","TB Västerås","","http://www.elitrapport.se/team.asp?teamID=181","Kalix Bandy","","http://www.elitrapport.se/Data/report7617.html","2 - 2","","http://www.elitrapport.se/Data/report7617.html","Matchrapport","","2015-01-19 18:00","1421625600000","-","223","Mikael Hilerius"
"http://www.elitrapport.se/Data/report7611.html","020000001143","","http://www.elitrapport.se/team.asp?teamID=137","Sandvikens AIK/BK","","http://www.elitrapport.se/team.asp?teamID=133","Vetlanda BK","","http://www.elitrapport.se/Data/report7611.html","5 - 2","","http://www.elitrapport.se/Data/report7611.html","Matchrapport","","2015-01-19 19:00","1421625600000","-","1107","Keijo Hyvärinen"
"http://www.elitrapport.se/Data/report7612.html","020000001141","","http://www.elitrapport.se/team.asp?teamID=115","Villa Lidköping BK","","http://www.elitrapport.se/team.asp?teamID=216","Ljusdals BK","","http://www.elitrapport.se/Data/report7612.html","13 - 3","","http://www.elitrapport.se/Data/report7612.html","Matchrapport","","2015-01-19 19:00","1421625600000","-","2344",""
"http://www.elitrapport.se/Data/report7613.html","020000001145","","http://www.elitrapport.se/team.asp?teamID=145","Bollnäs GIF","","http://www.elitrapport.se/team.asp?teamID=117","Hammarby IF","","http://www.elitrapport.se/Data/report7613.html","3 - 8","","http://www.elitrapport.se/Data/report7613.html","Matchrapport","","2015-01-28 19:00","1422403200000","-","1412","Christoffer Aidesjö"
"http://www.elitrapport.se/Data/report7614.html","020000001146","","http://www.elitrapport.se/team.asp?teamID=116","IK Sirius","","http://www.elitrapport.se/team.asp?teamID=131","TB Västerås","","http://www.elitrapport.se/Data/report7614.html","2 - 3","","http://www.elitrapport.se/Data/report7614.html","Matchrapport","","2015-01-28 19:00","1422403200000","-","838","Jacob Hallkvist"
"http://www.elitrapport.se/Data/report7615.html","020000001142","","http://www.elitrapport.se/team.asp?teamID=171","IFK Vänersborg","","http://www.elitrapport.se/team.asp?teamID=132","Västerås SK/BK","","http://www.elitrapport.se/Data/report7615.html","6 - 7","","http://www.elitrapport.se/Data/report7615.html","Matchrapport","","2015-01-28 19:00","1422403200000","-","1937","Peter Öhrlund"
"http://www.elitrapport.se/Data/report7616.html","020000001144","","http://www.elitrapport.se/team.asp?teamID=181","Kalix Bandy","","http://www.elitrapport.se/team.asp?teamID=114","Edsbyns IF","","http://www.elitrapport.se/Data/report7616.html","2 - 4","","http://www.elitrapport.se/Data/report7616.html","Matchrapport","","2015-01-28 19:00","1422403200000","-","708","Petri Kuusela"
"http://www.elitrapport.se/Data/report7624.html","020000001159","","http://www.elitrapport.se/team.asp?teamID=137","Sandvikens AIK/BK","","http://www.elitrapport.se/team.asp?teamID=209","Broberg/Söderhamn","","http://www.elitrapport.se/Data/report7624.html","9 - 2","","http://www.elitrapport.se/Data/report7624.html","Matchrapport","","2015-01-28 19:00","1422403200000","-","1638","Roland Fager"
"http://www.elitrapport.se/Data/report7618.html","020000001151","","http://www.elitrapport.se/team.asp?teamID=117","Hammarby IF","","http://www.elitrapport.se/team.asp?teamID=137","Sandvikens AIK/BK","","http://www.elitrapport.se/Data/report7618.html","6 - 5","","http://www.elitrapport.se/Data/report7618.html","Matchrapport","","2015-01-30 19:00","1422576000000","-","4875","Keijo Hyvärinen"
"http://www.elitrapport.se/Data/report7619.html","020000001153","","http://www.elitrapport.se/team.asp?teamID=209","Broberg/Söderhamn","","http://www.elitrapport.se/team.asp?teamID=145","Bollnäs GIF","","http://www.elitrapport.se/Data/report7619.html","1 - 4","","http://www.elitrapport.se/Data/report7619.html","Matchrapport","","2015-01-30 19:00","1422576000000","-","2473","Ulrik Bergman"
"http://www.elitrapport.se/Data/report7620.html","020000001154","","http://www.elitrapport.se/team.asp?teamID=153","IFK Kungälv","","http://www.elitrapport.se/team.asp?teamID=116","IK Sirius","","http://www.elitrapport.se/Data/report7620.html","4 - 3","","http://www.elitrapport.se/Data/report7620.html","Matchrapport","","2015-01-30 19:00","1422576000000","-","615","Daniel Labe"
"http://www.elitrapport.se/Data/report7621.html","020000001148","","http://www.elitrapport.se/team.asp?teamID=132","Västerås SK/BK","","http://www.elitrapport.se/team.asp?teamID=216","Ljusdals BK","","http://www.elitrapport.se/Data/report7621.html","15 - 0","","http://www.elitrapport.se/Data/report7621.html","Matchrapport","","2015-01-30 19:00","1422576000000","-","823","Mikael Karlsson (Grästorp)"
"http://www.elitrapport.se/Data/report7622.html","020000001149","","http://www.elitrapport.se/team.asp?teamID=133","Vetlanda BK","","http://www.elitrapport.se/team.asp?teamID=115","Villa Lidköping BK","","http://www.elitrapport.se/Data/report7622.html","2 - 8","","http://www.elitrapport.se/Data/report7622.html","Matchrapport","","2015-01-30 19:00","1422576000000","-","1334","Jonas Kandell"
"http://www.elitrapport.se/Data/report7623.html","020000001150","","http://www.elitrapport.se/team.asp?teamID=114","Edsbyns IF","","http://www.elitrapport.se/team.asp?teamID=171","IFK Vänersborg","","http://www.elitrapport.se/Data/report7623.html","3 - 3","","http://www.elitrapport.se/Data/report7623.html","Matchrapport","","2015-01-30 19:00","1422576000000","-","1532","Christoffer Aidesjö"
"http://www.elitrapport.se/Data/report7626.html","020000001160","","http://www.elitrapport.se/team.asp?teamID=181","Kalix Bandy","","http://www.elitrapport.se/team.asp?teamID=153","IFK Kungälv","","http://www.elitrapport.se/Data/report7626.html","6 - 3","","http://www.elitrapport.se/Data/report7626.html","Matchrapport","","2015-02-01 16:00","1422748800000","-","235","Juha-Matti Kanniainen"
"http://www.elitrapport.se/Data/report7628.html","020000001155","","http://www.elitrapport.se/team.asp?teamID=216","Ljusdals BK","","http://www.elitrapport.se/team.asp?teamID=133","Vetlanda BK","","http://www.elitrapport.se/Data/report7628.html","2 - 4","","http://www.elitrapport.se/Data/report7628.html","Matchrapport","","2015-02-01 16:00","1422748800000","-","276","Christoffer Aidesjö"
"http://www.elitrapport.se/Data/report7629.html","020000001156","","http://www.elitrapport.se/team.asp?teamID=132","Västerås SK/BK","","http://www.elitrapport.se/team.asp?teamID=114","Edsbyns IF","","http://www.elitrapport.se/Data/report7629.html","6 - 1","","http://www.elitrapport.se/Data/report7629.html","Matchrapport","","2015-02-01 16:00","1422748800000","-","1838","Keijo Hyvärinen"
"http://www.elitrapport.se/Data/report7625.html","020000001158","","http://www.elitrapport.se/team.asp?teamID=171","IFK Vänersborg","","http://www.elitrapport.se/team.asp?teamID=131","TB Västerås","","http://www.elitrapport.se/Data/report7625.html","11 - 0","","http://www.elitrapport.se/Data/report7625.html","Matchrapport","","2015-02-01 17:00","1422748800000","-","1806","Daniel Labe"
"http://www.elitrapport.se/Data/report7627.html","020000001161","","http://www.elitrapport.se/team.asp?teamID=145","Bollnäs GIF","","http://www.elitrapport.se/team.asp?teamID=116","IK Sirius","","http://www.elitrapport.se/Data/report7627.html","5 - 2","","http://www.elitrapport.se/Data/report7627.html","Matchrapport","","2015-02-01 17:00","1422748800000","-","1138","Jonas Kandell"
"http://www.elitrapport.se/Data/report7630.html","020000001157","","http://www.elitrapport.se/team.asp?teamID=115","Villa Lidköping BK","","http://www.elitrapport.se/team.asp?teamID=117","Hammarby IF","","http://www.elitrapport.se/Data/report7630.html","9 - 4","","http://www.elitrapport.se/Data/report7630.html","Matchrapport","","2015-02-01 17:00","1422748800000","-","3406","Roland Fager"
"http://www.elitrapport.se/Data/report7631.html","020000001165","","http://www.elitrapport.se/team.asp?teamID=209","Broberg/Söderhamn","","http://www.elitrapport.se/team.asp?teamID=115","Villa Lidköping BK","","http://www.elitrapport.se/Data/report7631.html","5 - 3","","http://www.elitrapport.se/Data/report7631.html","Matchrapport","","2015-02-04 19:00","1423008000000","-","555","Keijo Hyvärinen"
"http://www.elitrapport.se/Data/report7632.html","020000001166","","http://www.elitrapport.se/team.asp?teamID=153","IFK Kungälv","","http://www.elitrapport.se/team.asp?teamID=171","IFK Vänersborg","","http://www.elitrapport.se/Data/report7632.html","3 - 3","","http://www.elitrapport.se/Data/report7632.html","Matchrapport","","2015-02-04 19:00","1423008000000","-","1628","Peter Öhrlund"
"http://www.elitrapport.se/Data/report7633.html","020000001167","","http://www.elitrapport.se/team.asp?teamID=116","IK Sirius","","http://www.elitrapport.se/team.asp?teamID=137","Sandvikens AIK/BK","","http://www.elitrapport.se/Data/report7633.html","2 - 15","","http://www.elitrapport.se/Data/report7633.html","Matchrapport","","2015-02-04 19:00","1423008000000","-","1580","Christoffer Aidesjö"
"http://www.elitrapport.se/Data/report7634.html","020000001162","","http://www.elitrapport.se/team.asp?teamID=114","Edsbyns IF","","http://www.elitrapport.se/team.asp?teamID=216","Ljusdals BK","","http://www.elitrapport.se/Data/report7634.html","9 - 3","","http://www.elitrapport.se/Data/report7634.html","Matchrapport","","2015-02-04 19:00","1423008000000","-","1150","Jonas Kandell"
"http://www.elitrapport.se/Data/report7635.html","020000001163","","http://www.elitrapport.se/team.asp?teamID=117","Hammarby IF","","http://www.elitrapport.se/team.asp?teamID=133","Vetlanda BK","","http://www.elitrapport.se/Data/report7635.html","7 - 4","","http://www.elitrapport.se/Data/report7635.html","Matchrapport","","2015-02-04 19:00","1423008000000","-","1905","Mikael Karlsson (Grästorp)"
"http://www.elitrapport.se/Data/report7636.html","020000001164","","http://www.elitrapport.se/team.asp?teamID=131","TB Västerås","","http://www.elitrapport.se/team.asp?teamID=132","Västerås SK/BK","","http://www.elitrapport.se/Data/report7636.html","4 - 8","","http://www.elitrapport.se/Data/report7636.html","Matchrapport","","2015-02-04 19:00","1423008000000","-","1185","Ulrik Bergman"
"http://www.elitrapport.se/Data/report7637.html","020000001168","","http://www.elitrapport.se/team.asp?teamID=145","Bollnäs GIF","","http://www.elitrapport.se/team.asp?teamID=181","Kalix Bandy","","http://www.elitrapport.se/Data/report7637.html","5 - 4","","http://www.elitrapport.se/Data/report7637.html","Matchrapport","","2015-02-05 19:00","1423094400000","-","1058","Roland Fager"
"http://www.elitrapport.se/Data/report7638.html","020000001173","","http://www.elitrapport.se/team.asp?teamID=115","Villa Lidköping BK","","http://www.elitrapport.se/team.asp?teamID=116","IK Sirius","","http://www.elitrapport.se/Data/report7638.html","13 - 4","","http://www.elitrapport.se/Data/report7638.html","Matchrapport","","2015-02-07 16:00","1423267200000","-","2559","Daniel Labe"
"http://www.elitrapport.se/Data/report7639.html","020000001174","","http://www.elitrapport.se/team.asp?teamID=171","IFK Vänersborg","","http://www.elitrapport.se/team.asp?teamID=145","Bollnäs GIF","","http://www.elitrapport.se/Data/report7639.html","3 - 3","","http://www.elitrapport.se/Data/report7639.html","Matchrapport","","2015-02-07 16:00","1423267200000","-","1846","Jonas Kandell"
"http://www.elitrapport.se/Data/report7640.html","020000001175","","http://www.elitrapport.se/team.asp?teamID=137","Sandvikens AIK/BK","","http://www.elitrapport.se/team.asp?teamID=181","Kalix Bandy","","http://www.elitrapport.se/Data/report7640.html","6 - 1","","http://www.elitrapport.se/Data/report7640.html","Matchrapport","","2015-02-07 16:00","1423267200000","-","1139","Peter Öhrlund"
"http://www.elitrapport.se/Data/report7641.html","020000001172","","http://www.elitrapport.se/team.asp?teamID=132","Västerås SK/BK","","http://www.elitrapport.se/team.asp?teamID=153","IFK Kungälv","","http://www.elitrapport.se/Data/report7641.html","8 - 2","","http://www.elitrapport.se/Data/report7641.html","Matchrapport","","2015-02-07 16:00","1423267200000","-","1111","Mikael Hillerius"
"http://www.elitrapport.se/Data/report7642.html","020000001169","","http://www.elitrapport.se/team.asp?teamID=216","Ljusdals BK","","http://www.elitrapport.se/team.asp?teamID=117","Hammarby IF","","http://www.elitrapport.se/Data/report7642.html","4 - 8","","http://www.elitrapport.se/Data/report7642.html","Matchrapport","","2015-02-07 16:00","1423267200000","-","516","Ulrik Bergman"
"http://www.elitrapport.se/Data/report7643.html","020000001170","","http://www.elitrapport.se/team.asp?teamID=114","Edsbyns IF","","http://www.elitrapport.se/team.asp?teamID=131","TB Västerås","","http://www.elitrapport.se/Data/report7643.html","8 - 3","","http://www.elitrapport.se/Data/report7643.html","Matchrapport","","2015-02-07 16:00","1423267200000","-","1391",""
"http://www.elitrapport.se/Data/report7644.html","020000001171","","http://www.elitrapport.se/team.asp?teamID=133","Vetlanda BK","","http://www.elitrapport.se/team.asp?teamID=209","Broberg/Söderhamn","","http://www.elitrapport.se/Data/report7644.html","3 - 7","","http://www.elitrapport.se/Data/report7644.html","Matchrapport","","2015-02-07 16:00","1423267200000","-","757",""
"http://www.elitrapport.se/Data/report7645.html","020000001180","","http://www.elitrapport.se/team.asp?teamID=145","Bollnäs GIF","","http://www.elitrapport.se/team.asp?teamID=132","Västerås SK/BK","","http://www.elitrapport.se/Data/report7645.html","2 - 7","","http://www.elitrapport.se/Data/report7645.html","Matchrapport","","2015-02-10 19:00","1423526400000","-","1563","Christoffer Aidesjö"
"http://www.elitrapport.se/Data/report7646.html","020000001181","","http://www.elitrapport.se/team.asp?teamID=181","Kalix Bandy","","http://www.elitrapport.se/team.asp?teamID=115","Villa Lidköping BK","","http://www.elitrapport.se/Data/report7646.html","3 - 4","","http://www.elitrapport.se/Data/report7646.html","Matchrapport","","2015-02-10 19:00","1423526400000","-","792","Petri Kuusela"
"http://www.elitrapport.se/Data/report7647.html","020000001182","","http://www.elitrapport.se/team.asp?teamID=137","Sandvikens AIK/BK","","http://www.elitrapport.se/team.asp?teamID=171","IFK Vänersborg","","http://www.elitrapport.se/Data/report7647.html","5 - 4","","http://www.elitrapport.se/Data/report7647.html","Matchrapport","","2015-02-10 19:00","1423526400000","-","1471","Roland Fager"
"http://www.elitrapport.se/Data/report7648.html","020000001179","","http://www.elitrapport.se/team.asp?teamID=116","IK Sirius","","http://www.elitrapport.se/team.asp?teamID=133","Vetlanda BK","","http://www.elitrapport.se/Data/report7648.html","4 - 7","","http://www.elitrapport.se/Data/report7648.html","Matchrapport","","2015-02-10 19:00","1423526400000","-","381","Valdemar Olsson"
"http://www.elitrapport.se/Data/report7649.html","020000001176","","http://www.elitrapport.se/team.asp?teamID=131","TB Västerås","","http://www.elitrapport.se/team.asp?teamID=216","Ljusdals BK","","http://www.elitrapport.se/Data/report7649.html","0 - 3","","http://www.elitrapport.se/Data/report7649.html","Matchrapport","","2015-02-10 19:00","1423526400000","-","468","Jacob Hallkvist"
"http://www.elitrapport.se/Data/report7650.html","020000001177","","http://www.elitrapport.se/team.asp?teamID=209","Broberg/Söderhamn","","http://www.elitrapport.se/team.asp?teamID=117","Hammarby IF","","http://www.elitrapport.se/Data/report7650.html","3 - 6","","http://www.elitrapport.se/Data/report7650.html","Matchrapport","","2015-02-10 19:00","1423526400000","-","804","Jonas Kandell"
"http://www.elitrapport.se/Data/report7651.html","020000001178","","http://www.elitrapport.se/team.asp?teamID=153","IFK Kungälv","","http://www.elitrapport.se/team.asp?teamID=114","Edsbyns IF","","http://www.elitrapport.se/Data/report7651.html","6 - 8","","http://www.elitrapport.se/Data/report7651.html","Matchrapport","","2015-02-10 19:00","1423526400000","-","756",""
